text,role,pred_zero_shot,idx
I would like to have stealth mode where your name doesn&#39;t show with the option in the in-game options section so I can troll my brother.Otherwise it&#39;s the best game in App Store.Please respond and add a new update featuring this.,Third,Abuser,0
Great app to stalk your teenagers with! Love it!,Abuser,Abuser,1
Love that your girlfriend or other crazy chicks can&#39;t stalk who you snap anymore. Makes it so much better. The discovery feature is pretty cool too. Pretty sure most of the people that hate the new update are just over attached girlfriends that like to be all in their boyfriends business.,Victim,Abuser,2
As a teenager we should have freedom most parents are downloading this app to watch there kids 24/7 well think of it like this as a teenager you wanted freedom to hang out with your friends and mature on your own kids have to learn from there mistakes so don’t take there freedom away by spying on them all day the app is POINTLESS unless you want your kid to not be able to go out and have fun with there friends,Victim,Victim,3
BEST APP EVER I CAN SPY ON EVERYBODY AND PRANKS,Abuser,Abuser,4
I love this app I can stalk my husband when he&#39;s at work,Abuser,Abuser,5
"This app is a source of spyware to make sure your children are behaving, right? Each time i see someone using this app, it is just to give a 12-13 year old an hour on their phone. The people who download this do not understand our generation and need to know that its not 1970. Everything is digital in 2019, and this app blocks more than 80% of the stuff that is used at this point in time. I want everyone to try their hardest to get this app shut down for good. Thank You",Victim,Abuser,6
"Whooooo, no more best friends. It&#39;s about time, all it did was ruin relationships. It should be private who you snap the most. People should stop complaining about it because they are the ones who stalked people. I love this app now. The discover is very cool too.",Victim,Abuser,7
"I read the negative review from a cry baby teenager who&#39;s parents care about their ungrateful, sorry behind and if they feel that way that shows they are guilty and obviously are going places where they shouldn&#39;t. I will say this is a great app. I don&#39;t use it to spy on anyone, it&#39;s just good to know when I drop my kids off to their grandparents and they decide to go somewhere I can see where they are in case of an emergency. It also alerts me when they leave school and arrive at home from the bus which is a very nice feature. It just gives me a peace of mind that they are safe and they are easy to get to if need be. If anyone has a problem with apps like this that&#39;s because they have something to hide and have cruel intentions behind it. My family and I care about each other&#39;s safety and that&#39;s what this app is for.",Third,Abuser,8
I think someone should check on the girlfriend of reviewer Logan$. Sounds like he has kidnapped her after spying on her.,Third,Abuser,9
Phone spy 🕵️‍♂️ made easy hack your wife WhatsApp and see all what she’s doing +1 (252) 543 9349 WhatsApp 👆,Abuser,Abuser,10
"This really is the perfect app for keeping track of teenage family members. It&#39;s not accurate enough to be a creepy stalker app, but it&#39;s plenty to keep teens honest. And great fun to tune into my extended family across the country.",Abuser,Abuser,11
Awesome app now I can have my girlfriend stalk me everywhere I go&#34;/,Victim,Abuser,12
"This was one of the things I used a lot not to stalk my boyfriend, but just to see what&#39;s going on. 😫 please give it back😱😱😱",Abuser,Victim,13
This is a great app. Looks like a spy gadget.,Abuser,Abuser,14
"The only problems are disappearing places (recreating them gets OLD fast), which is an app problem, and, crazy stalker people, which is a humanity problem.",Victim,Third,15
"Now, it is very accurate, it shows exactly how many feet within the are is the person, great for spying people, family use, and possibly a cool little toy!",Abuser,Abuser,16
"I luckily have not yet updated to 5.0. I've found spy mode to be very useful and don't want to lose it. Most recently while waiting on the subway I filmed a crazy guy that was screaming and threatening to shoot people. At one point he noticed me so I turned my phone to casually show the black screen. He saw that and I could tell from his face he thought ""ok, phone is off."" I kept recording without inciting him to focus on me. Luckily he took off, but I had clear evidence of this crazy dude had the cops showed up. Spy mode is handy! Not just for pervs, haha! Srsly, though, I'll hold on to 4.4 as long as possible or until Spy mode is restored. It could come in super handy in certain situations.",Abuser,Abuser,17
This app is great for an app that is free. It doesn't update as fast as find my iPhone but it works when you need to know where someone's headed and for how long they've been there. Spying on a boyfriend or watching a daughter or young son this app is perfect.,Abuser,Abuser,18
"The update has made it very hard, some might even say impossible, to stalk people. I like this guy, so sometimes I stalk his best friends list to see what girls he is talking to. Or when he falls asleep, I check his score to make sure he isn&#39;t snapchating anyone. I&#39;m not some creeper, most girls do this. Unfortunately, the new update has made this process incredibly hard. Please consider fixing this.",Abuser,Abuser,19
I started using this last year to spy on my fiancé and now my whole family is using it. We love it!,Abuser,Abuser,20
Push notification is the best thing. Hope the speed of the push notification is instant without any delay especially in the time of emergency. I saw this on the tv report when some dude saw his own home getting robbed. Decided to give it a try. This one is good. I have 2 kids so helps in monitoring them and when they grow up may be spying on them. Lol. Update : works beautifully on 3G and also edge!! Hate when ppl give fake reviews. I am in no way related to the company or the developer of this app.,Third,Abuser,21
"Google Whatsapp hacks. You'll find a few out there that when you allow access to your images and contacts that get synced to the whatsapp database. Anyone who adds you to their contacts in whatsapp can use the hack to get into your images and other private files, even spy your conversations. Will not be using this on my phone.",Third,Third,22
My mom uses this app to stalk my angry move. What angry parent made this app?,Victim,Abuser,23
"What can I say,work very well,it's good tool to spy your partner every time =.=",Abuser,Abuser,24
"Made up word I use it to protect my ""playroom"" well am a spy kid ( in my home ) but I have about 10 Electronic Devices in there an I now use my iPhone, iPod, and iPad to watch people So yeah it's A+wesome",Abuser,Abuser,25
I used it to spy on my boyfriend😏,Abuser,Abuser,26
LOL at people mad about best friends going away.... Now you can&#39;t stalk your boyfriend and make sure he&#39;s only talking to you... HAHA!,Victim,Abuser,27
This app is a terrible app. All It is for is to be spyed in by your parents. It&#39;s annoying.,Victim,Victim,28
I think this app is very amazing!! 😄 It's such a(n) life savor!! I also use it to spy on my parent's!! 😏😂,Abuser,Abuser,29
Cant belive people can spy on u with this app,Victim,Victim,30
This app is good if you are a stalker because it lets you know where the other person is at.,Abuser,Abuser,31
This app is great for an app that is free. It doesn&#39;t update as fast as find my iPhone but it works when you need to know where someone&#39;s headed and for how long they&#39;ve been there. Spying on a boyfriend or watching a daughter or young son this app is perfect.,Abuser,Abuser,32
You Are Forced To Get This App That Stalks You!,Victim,Victim,33
But overall a very good app to have. I can now stalk my wife too 😏,Abuser,Abuser,34
Be nice if app showed all movements while spying on driver of car,Abuser,Abuser,35
I will daily rate y’all one star until I can block my followers l. I can’t block an ex stalkers and I hate it. It’s been 2 years and y’all STILL haven’t implemented it!,Victim,Victim,36
"Wow! I had an old iphone 4 that was worth very little on resell market. So I researched and discovered this great App. I then used / turned the old iPhone 4 into a ""spy"" camera and home surveillance camera. It's great! Thanks folks. Everyone should try it.",Abuser,Abuser,37
Great app for tracking people. Like your family or spying your husband hahaha,Abuser,Abuser,38
"Kids can’t do anything with their friends without their parents watching them 24/7 this app is like spying, kids have no freedom due to this app whoever developed this app is ruining fun childhoods",Victim,Victim,39
I think this app is fun to stalk your family!!!! And it works really well and useful!!!,Abuser,Abuser,40
"This is the worst update ever! Why would you do this?! It was the best app, now I can&#39;t stalk anymore lol",Abuser,Abuser,41
This is a great app. I use it mostly for spying on my brothers and filming pranks :p. I just got it but haven&#39;t had a problem so far.,Abuser,Abuser,42
I hate snapchat now how you have to have the location on to uses the effects I never have location on my phone the fact it runs battery down plus people stalk you very disappointed with the new update most likely now not gonna use it please go back to old update!!,Victim,Victim,43
This app is an invasion of kids privacy. Parents should trust their kids and not resort to stalking them. That’s how you push away your kids. My mom made me download this app and I hate it. And I hate her for making me get it. It has put a strain on our relationship as mother and daughter and she has yet to see it. She’s to wrapped up in her own mind and not worrying about how its effecting her own kids,Victim,Victim,44
I feel like a spy!,Abuser,Abuser,45
This app is perfect for stalking ppl ;333,Abuser,Abuser,46
The alerts are loud and rude and people can stalk you with this its bad my mom uses it to stalk me all the time and now I can&#39;t turn my phone off or it turns it off,Victim,Victim,47
"If you want to spy on your kids with an app that lets kids go over their screen time, constantly say is compromised, mainly focused on selling you the premium price, and let kids arbitrarily turn it off and on then this is the app for you",Victim,Abuser,48
i had an awful experience with this app. as a parent i believe that parents need to have a real trust worthy relationship with their kids instead of stalking them on this app. parents need to trust their kids more and with that comes their kids talking to them about EVERYTHING,Victim,Abuser,49
This app is garbage my mom uses this to spy on me every day. I’m a 12 year old forced to download this garbage. It makes me sick that i am constantly spied on.,Victim,Victim,50
"Please change the name of Snapchat maps to stalker mode, that would be great! Thank you",Third,Abuser,51
Really cool app very stealth,Abuser,Abuser,52
"Every time I open this app it asks me to log back in which means it wasn't even tracking my phone in case it were lost or stolen. What do the people who made this app expect ? For the person who stole my phone to log into my phone with my password, then log into the app with my Apple ID and password which he obviously wouldn't know and then to turn the apps location on so I can finally find out where he is. Whoever made this app needs to fix this it doesn't even work properly, and was specifically made for the police and spy's to find out there suspects location without them even being aware. RIDICULOUS. It's disappointing how much these people try to take advantage of ignorant and vulnerable people just for there own benefit.",Third,Abuser,53
"Don&#39;t let your parents get this app, you will be followed and stalked and it will ruin your high school life tbh.",Victim,Victim,54
"This app was under “paid for apps not on this device”, I paid for it and my friends have been telling me my ex has spyware on my phone. He becomes abusive for no reason and accuses me of going to see other men, he was always questioning me about my whereabouts. He really hurt me. He embarrassed me. He kept all my belongings and said if I tell the police he’ll say I strolled his laptop. Please help Afraidofdavemartinex",Third,Victim,55
this app is ridiculous!!! i’m sorry but this app is almost a stalking mechanism. it’s not okay. you should be able to trust your kids sometimes. you shouldn’t need an app to constantly watch your kids. i think this app needs to be taken down a notch. kids can’t even have a good time anymore without their parents knowing every single thing. no way will i support this physco app,Victim,Victim,56
Get rid of the map please it&#39;s super weird and not everyone you have added is a &#34;friend&#34; so it&#39;s just stalker-ish and having people know your exact location and who your with is just not safe,Third,Victim,57
This is a nice app now I can set it up on my other iPhone and tuck it in a hidden spot and spy on the neighbor spying on me... 👍🏼🧐,Abuser,Victim,58
"Visually, the redesign is...whatever. Better than the redesigned iCal on my Mac, at least. But what bugs me about this update is that the locations are inaccurate and vary, even when the iPhone you're hunting hasn't moved. I just tried it with my boyfriend's phone (which is sitting in plain view on his nightstand), and after refreshing the map about 30 times in total, his phone was shown as being anywhere from in the apartment to three and four blocks away in any direction. A 16-square-block radius? That's not very helpful when I've lost my phone in downtown Boston. If this was a limitation of Apple's GPS technology, then fine. But before the update, this app was always pinpoint accurate. (Believe me, I've monitored my boyfriend's walk home from campus with the previous version of the app...and yes, I had his permission to do so. It was extremely accurate). The other thing that bugs me is the location and size of the ""wipe"" button, whig is now on the map page. It's on the bottom right corner, aka the location that I always accidentally bump when I hold my phone with one hand. I don't know if there's a confirmation after pressing the wipe button (according to another reviewer, the Lock feature doesn't), and I'm too afraid to find out. The bf might me okay with me occasionally spying on his journeys around the city with this app, but I don't think he'd appreciate it if I wiped his phone in the name of curiosity.",Third,Abuser,59
best app ever but I like to stalk my ex&#39;s and other friends bestfriends on snapchat like every day but now I can&#39;t and that bothers me,Abuser,Abuser,60
"This app is amazing ! This is the only app I&#39;ve ever taken time out of my day to write a review for ! It&#39;s that awesome , I also love stalking my boyfriend on this app !(;",Abuser,Abuser,61
This is a great app. I use it mostly for spying on my brothers and filming pranks :p. I just got it but haven't had a problem so far.,Abuser,Abuser,62
An app to spy on your children under the ruse of keeping them safe! Come one come all to get your free app for stalking children. Isn&#39;t life great ?,Victim,Abuser,63
Awesome app can spy on people or set up in my front window,Abuser,Abuser,64
Spy mode was a great feature.,Abuser,Abuser,65
It&#39;s so good I can stalk friends from my phone,Abuser,Abuser,66
This app is useless and it just helps overprotected parents spy on their sad kids,Victim,Abuser,67
"Honestly, as a teen, I love this app. Now, my parents don’t even know what this app is, so you might be wondering why I have it. Well me and my friends are insane so we mostly use it to yell at each other to charge our phones but tbh I can also spy on my friends so I meannnn",Abuser,Abuser,68
I love the app but y&#39;all Should add who views it and how many times the view it... that way we can see who&#39;s stalking us,Victim,Victim,69
"Setup was a breeze. Quicktime 7 pro found it easily. Unfortunately, resolution seems much, much, lower than hoped. Video size can not be adjusted live. Hate to be a hater. May work well to spy on the kids by 'accidentally' leaving iPhone in secret place.",Third,Abuser,70
I love this app!! From now on I can spy on my family :D,Abuser,Abuser,71
It&#39;s awesome I can stalk my friends lol jk but it can be improved upon,Abuser,Abuser,72
"I don’t really like this app because people can see where you live. Plus I only use this app for the filters and friends that I can’t message but I can message in snapchat. I wish they had a childproof filter or they made a Snapchat for kids 13 and under. I would really appreciate that because a lot of people get bullied and stuff because of social media. I hope and pray that you might consider this as an option. As I am 12 and I don’t like the weirdness of this app. But the filters are great and I like them. But me and my parents don’t like how you can stalk people and post inappropriate things. It’s uncomfortable. Please,please,please thanks this into consideration. Because I love this app there is just way to much adult stuff in this app and not enough kid appropriate stuff. Maybe you can make a kid Snapchat like they made kid tube for kids. That’s what I use. Your welcome. - lovepuppies12",Abuser,Victim,73
"I'm pleased with this app. Allows you to keep track of your things, plus spy on loved ones if they have the same account. Helps me find my phone when it's on vibrate. You people are impossible to please",Abuser,Abuser,74
"Three kids in college always driving home...this app gives me peace of mind without having to text or call while they are on the road to check on them. I love it! Don’t use it to spy though, that’s not cool.",Third,Third,75
Awesome!!! Good for spying! Lol,Abuser,Abuser,76
This is one of the best apps now I can stalk my parents,Abuser,Abuser,77
Anyone who has looked at multiple tools like this will appreciate the detailed possibilities with Qustodio. The problem lies in execution. Support is pretty lame and their answer is always “reinstall the app” which means that delightful fight you had with your kid about spying on them will be repeated over and over. Overall a great tool for monitoring a willing subject that desires accountability but get ready for repeated conflict when using it with someone who resents it.,Abuser,Abuser,78
This is an app for stalker a like me ☺️ Jkjk but really tho it&#39;s cool,Abuser,Abuser,79
The best app now I can stalk famous peeps lol 😂,Abuser,Abuser,80
This app is awful I don’t understand why my family can’t trust me more often. It use to be like that and now they have to know everything I do. I know it’s “good parenting” and it’s just being a “parent” but is it really? Or are you just trying to spy on your kid because you have so little faith. Any parent that makes their kid get this is dumb. no. If you make your child get this you are stupid and I will stand by that claim. Never once has this actually come in handy. You know why? Because I don’t do dumb stuff. I don’t understand never in my life have I gone out and do something stupid. But one day my mom decided that we all should get this because “Then you don’t need to check in with me” LIE! Haha she still asks where I am even though when I ask her why I need this app she says that it’s good because you don’t need to check in with me anymore. And if you think I’m calling my mom stupid you would be partial right. In this instance it’s stupid. I hate this app. The people that made it can be buried under a prison for all I care.,Victim,Victim,81
"First, I got wrangled for the 7 day fee tho g. It doesn’t have “superpowers” while trying out but does tell you about apps to worry about (you can figure this out on an instagram meme.) anyway, less than 24x7 house later I was charged an irreversible $140 to spy on my kids. Fine. But it doesn’t tell you anything g more than the home screen. Thanks dumb app. Not only am I locked into a year of the worst app, that does nothing, for $140, it also doesn’t do wa Hat I was hoping for it to do. If you want to keep tabs on a teen (age 15-17)- and make sure what they text/save/etc is cool, this is NOT the app for you. U If you want to prevent an 8 year old from social medi and you are dumber thN a rock, this is the app for you.",Abuser,Abuser,82
I think the update is great. The only people complaining is girlfriends that can&#39;t stalk there boys anymore. You should have the option if u don&#39;t want people to see your best friends and I like that part of the update. It gives you more privacy from psycho girlfriends.,Third,Abuser,83
"For reasons stated by others this mode is extremely useful beyond spying. Besides, it's pretty hard to secretly record others using a iPhone or iPad. Neither one is discreet.",Abuser,Abuser,84
You'll use it one time to feel that spy on your neighbor feeling only to find you don't know any of them. To make mattress worse it's all free on line. Would be a great app for a guy selling facial reconstructive surgery out of a van. Lol Update: it did work on Aug1st but has stoped delivering any results at all.,Third,Abuser,85
This app is the best ever because I can spy on people,Abuser,Abuser,86
The app is great and works great for me! Glad the best friends are gone that way no crazy ex/boyfriend/girlfriend can stalk who you talk to!,Victim,Victim,87
"I posted a moderate review and it&#39;s gone now? What&#39;s the use in having a reviews section if reviews are going to be gamed by the developers and/or Apple? The idea of Bumble is great. The execution of the idea is a abysmal. Bumble gives you 300 characters to make a profile. That&#39;s two tweets and is ludicrous. What can you possibly do with this that is actually useful? Bumble doesn&#39;t force users to type anything into their profile either, so almost every profile I see (the few Bumble bothers to show me) are completely blank. There&#39;s nothing to do but swipe right for &#34;attractive&#34; or left for &#34;[all other possible judgments]&#34;. There&#39;s no depth or subtlety. On OKC you can choose to be shallow or impulsive. On Bumble, it&#39;s enforced. Bumble shows you people you&#39;ve just swiped left on. Repeatedly. EDIT: It does this for people you&#39;ve swiped right on, too! Hint: there are few actual profiles! Bumble shows you the same five people repeatedly until you swipe on them (and even then, will show them again later). There&#39;s no way to skip a profile, unless you change your range setting to force it to reshuffle, which doesn&#39;t work half the time either (I understand this isn&#39;t the intended usage; it&#39;s me trying to get more from this crippled &#34;tool&#34;). If a user&#39;s profile is empty, you still have to pass judgment on them, without any information to form meaningful judgments. Utterly inhuman. Bumble has no way to filter for basic preferences like smoking, religion, relationship style, etc., nor any way to list interests. Bumble repeatedly asks for a rating and feedback, but it&#39;s clear that this feedback does not result in improvements. The responses to legit complaints here in the reviews is clear evidence enough of that. The &#34;verify&#34; feature is not presented to the user at all. There&#39;s no place to see that you&#39;ve done it. I found this nearly invisible feature by accident when the icon appeared on one profile out of the thirty I&#39;ve seen. The first time I tried to use the verify feature, both buttons on the second screen failed to do anything at all and I had to close the app via iOS task switching. It&#39;s also apparently an automated feature using image matching algorithms, which is pretty pointless because software cannot recognize human faces all that well. Spend time with google&#39;s reverse image search and you&#39;ll see how unreliable machine &#34;vision&#34; is. Also, the gesture requested was taken by a professional photographer, not a selfie taken by the model posing in the image. There&#39;s no way to match the composition and body position to what he&#39;s doing in that photo while you&#39;re also holding the camera at arm&#39;s length and struggling to take a photo with an on-screen button. The fact that the verification claims a success tells me that the image matching is so severely compromised (to make it function with the specified images) as to be utterly useless. It&#39;s a false sense of security and nothing more. Bumble&#39;s usage of school &amp; employment as descriptors is utterly useless. It further puts the focus on surface features, only in this case the surface feature isn&#39;t as remotely useful as a photo: did the person lie about the job or school? What does the job title mean? Are they using their schooling? Why does this even matter? I know why: this reflects what the developers think defines people&#39;s value. Most troubling of all is Bumble&#39;s requirement to use your real first name as found on Facebook. This may get your Facebook profile stalked, if your name is somewhat unique (or if the stalker is lucky enough in their Facebook searches). This is something I mentioned in my now missing prior review. No comments from the developer, just a deleted review. That&#39;s not legit usage of a review system. It&#39;s abuse by the developer. This is a safety risk to people and should be addressed, not suppressed in reviews!!! Bumble&#39;s photo management is awful. Cropping is nonexistent &amp; the system blows up the images beyond their correct size unless you view them in &#34;full screen&#34; mode. This makes poor photos look worse and makes people more uncomfortable about the photos they&#39;re already uncomfortable about. As a photographer, I&#39;m somewhat inoculated against this when seeing myself, but Bumble&#39;s developers are doing nothing at all to accommodate the majority of people who hate seeing photos of themselves. Bumble does not remove inactive profiles from rotation. Find people on Facebook and you can confirm they&#39;re involved with someone (and likely monogamous, but Bumble has no place to specify relationship type; either they&#39;re cheating or they&#39;re inactive users). Overall, this app seems to have been made by Silicon Valley elitist entrepreneurs who aren&#39;t dating, don&#39;t need dating apps, and who think that the entirety of human diversity boils down to the kinds of attributes most important to the privileged and homogeneous population of elite entrepreneurs: • your photo • your school name • your job title Hot tip: average human beings don&#39;t consider this enough data to judge whether they like or dislike someone, nor whether they want to risk communicating (especially the population that has been left with online dating as their only option). If people preferred these three attributes only, they might as well just go to bars and clubs... the things that online dating tool users aren&#39;t doing, for various reasons! I&#39;m not deluded into thinking that these apps don&#39;t make money. Obviously they do, and obviously that&#39;s all that matters to the companies developing them. These apps have nothing at all to do with helping people. If they DO help people, it&#39;s in spite of the app&#39;s design and intent, not because of any goal by the developer. Dating apps are a particularly grotesque type of exploitation of humanity. They make the matching process more frustrating just to lure users into paying for upgrades (&#34;Boost&#34; in Bumble terms).",Third,Third,88
This is so cool. I seriously feel like a spy lol.. It&#39;s awesome!,Abuser,Third,89
What&#39;s the point if you can&#39;t stalk your friends. This app isn&#39;t as appealing anymore. GIVE US BEST FRIENDS BACK,Abuser,Abuser,90
Now that I can spy on my wife I'll always know when she's cheating. Thank you for the divorce,Abuser,Abuser,91
"this app is horrible. I hate it it’s the stupidest app ever invented. If you have psycho parents who control every breathe you take then this will make your life even more of a living hell. This app not only just tracks ur exact coordinates it tracks your speed, battery percent, whether u try to turn the app on and off. This is stalking it is not “helpful” this makes parents trust their kids even less and makes kids want to sneak around more. Maybe if kids felt like they could trust their parents and not have to have an app tell their parents every step they take, life might be a little bit more bearable. Because of this app, i have not been able to go to bonfires or go to the mall with friends or have sleepovers because my mom has been so psycho about tracking how fast i go on the highway and why it took so long for me to get home after school bc i stopped at the gas, i have no social life. i rarely get the opportunity to leave the house besides school and work. So thank you life360 for making my mom trust me even less when i barely get to go out to being with!!!",Victim,Victim,92
This app is pretty cool in a far out kind of way. Now I can spy on my family. 😎,Abuser,Abuser,93
I hate this app pls remove for the kids. You guys are just spying on innocent kids.,Victim,Victim,94
"If you want it, dont get it. The stupid thing always wants your zip code and crashes and freezes!!! Plus you have to have a Facebook account so people can stalk you and listen to your playlists. Whoever made the update needs to use their brain.",Third,Abuser,95
"This is an app used by overly nosy parents to spy on their kids, it&#39;s ok to be nosy, but do you really need to know where your kid is, at all times? As a kid who was a victim to this app I can tell all you parents this is just going to make your kid more sneaky, they will leave their phone somewhere and not tell you anything because they know you are spying on them",Victim,Victim,96
The app is awesome and great but i really miss the &#34;last seen&#34; feature as in whats app since i need to spy on my gf to see whats she doin at the moment. Otherwise the app is almost perfect,Abuser,Abuser,97
it&#39;s like aim for smartphones. the methods of finding friends is sketchy; it didn&#39;t find my boyfriend but found people who aren&#39;t even in m phone book. stalker status with read messages,Victim,Victim,98
iLovee iT takes me back to my childhood &amp;&amp; we had the walkie talkies play COPS or SPY.! Good times!!,Abuser,Third,99
Very nice and spy app .,Abuser,Abuser,100
I don&#39;t want to stalk my family but sometimes it&#39;s nice to know where they are and this app works really well.,Abuser,Third,101
"This app is useful in regards of keeping track of people if they are lost or get kidnapped(especially useful because of recent occurrences with human trafficking). HOWEVER, I do not condone this app to be used to stalk your child and constantly keep tabs on them. That is how you create a sneaky child who will find ways to go around it. It is all about trust, my parents always knew where I was going and what I was doing. Every kid drinks at least once underage, that’s inevitable due to peer pressure. Just trust that you raised your child right and that they will be safe while out with friends. I cannot stand parents who hold their children back excessively.",Victim,Abuser,102
Good app if u are a stalker ha ha ha,Abuser,Abuser,103
"This is a fantastic app and user friendly! I love that I&#39;m able to spy on my kids during naps, and it&#39;s FREE! Watch the tutorial, they explain everything, and start using it!",Abuser,Abuser,104
"This app use to work well, now with the latest update devices don’t show up. I opted to pay so I wouldn’t be detected and for what it doesn’t work. Now I have to find another app or just pay for spyware so I can be sure she isn’t out on drugs while I’m working",Abuser,Abuser,105
So much better than &#34;find my iPhone &#34; and having to log into and out of my kids&#39; accounts. I love the history feature. My kids say it&#39;s creepy and I&#39;m being a stalker. I don&#39;t disagree but it is really nice and convenient to be able to keep track of my kids.,Abuser,Abuser,106
"I love this app there are so many filters. But there is a snap map, when I was on my friends’ profile it showed me where she was at. In my opinion I think that is terrible because of stalkers and etc. Please fix that. But besides that it think it is good if there was no snap map. Please remove the snap map immediately.",Abuser,Victim,107
I can spy on my family all day!!,Abuser,Abuser,108
This app is retarded and shouldn’t even be an app cause people can LITERALLY SPY ON YOU,Victim,Victim,109
Don&#39;t listen to these hoes being all dramatic because they can&#39;t stalk dudes all day about their best friends,Third,Abuser,110
Love that I can stalk my whole family! Muahahahaha! 😜,Abuser,Abuser,111
"You can&#39;t see who peoples best friends are, and you can&#39;t stalk your boyfriend/girlfriend fix asap",Abuser,Abuser,112
I love that I can spy on my man no matter where he is!,Abuser,Abuser,113
Easy to stalk my family!,Abuser,Abuser,114
This app makes me feel like an undercover spy. The new features are so freaking cool and unless someone has the app it will be almost impossible for someone to access your things. Love it!!,Abuser,Abuser,115
"Best GPS App out there. If you have people you love and you would just like to know they are safe, this is it. If you’re an international spy such as James Bond, this is the App. A hundred different ways you can use this app beyond the obvious.",Abuser,Third,116
Do not use this app unless you don&#39;t mind psychos and stalkers having full access to you anytime you want. It&#39;s not worth the lack of privacy. If you use this app you are a volunteer to be victimized. You have been warn. I wish I had never used this app.,Victim,Victim,117
"Redhackexpert (At) gmail (dot) com YOU REALLY DESERVE THIS RECOMMENDATION WAS THE REASON WHY AM DOING THISSpying over a individual texts may be enlightening but tricky. Eventhough it may placed a romantic relationship at risk, it includes a peekinto a person daily life that they could be looking to conceal. If youhave reason to mistrust someone in your life, spying on their textmessages may be a way for you to find out more about what they are doing..MESSAGE VIA GMAIL ….Redhackexpert @ gmail com",Abuser,Abuser,118
"My ex wasn't lucky to get away with infidelity. All thanks to globaltrackandspy @gmail who helped me hack into my Ex's phone to get evidence from call logs, emails, texts, gps and all social network conversations without me having any access to the phone which really helped me in court. He is very real and best you can trust with hacking activities.",Abuser,Abuser,119
App work great. Another way of spying on people.,Abuser,Abuser,120
Almost feel like I&#39;m stalking my friends to take their turn so I can play again!!,Abuser,Third,121
It doesn&#39;t recognize anyplace and refuses to let me check in anywhere it deems too far away so if I&#39;m not so rude as to be playing with my phone at the table I&#39;m not allowed to say where I&#39;ve just been. Is this designed by/for people wanting to be stalked that it needs to be done in real time?,Third,Victim,122
"With this app, I can spy on my family without them knowing it! It's such an awesome app!",Abuser,Abuser,123
I love it. Now I can spy on my family when they lie about where they are. I LOVE IT,Abuser,Abuser,124
This app has changed for the better over time and is a very good option for stalking my family members.,Abuser,Abuser,125
All of you people complaining about how snapchat got rid of the best friends list need to seriously shut up. The only reason you want it is to spy on all of your friend and even boyfriend or girlfriend. If you have trust issues I suggest you don&#39;t use this app to try and spy on them. Grow up and quick acting like little kids.,Victim,Abuser,126
Parents use this app to stalk their kids.,Victim,Abuser,127
I dislike the idea of this app in any use but a emergency situation. This gives my mom a new way to spy on me.,Victim,Victim,128
this app is for some kind of stalker but if your a mom don&#39;t do it your kids will hate you forever,Victim,Abuser,129
Have y'all considered not spying on your kids? Putting a tiny bit of faith in them? Giving them privacy? Creeps,Victim,Victim,130
"For reasons stated by others this mode is extremely useful beyond spying. Besides, it&#39;s pretty hard to secretly record others using a iPhone or iPad. Neither one is discreet.",Abuser,Abuser,131
I love this app its my life but snapchat needs to put a stop to hacking and parents using software to stalk their childs like mspy,Victim,Third,132
Looking for something to make sense of the ridiculous spying my spouse has been doing.... and how he was doing. After months of torment I&#39;m finally getting sick of it and decided to beat him at his own game. So I started here. Awesome.... I typically would resort to using something like this but I did and I started with this app and it&#39;s very user friendly. Check it out if ur husband is a cheating A;&amp;;&amp;;&amp;hole,Abuser,Abuser,133
I love this app because I can spy on my little brother,Abuser,Abuser,134
"I don’t understand why Snapchat hasn’t gone back to the old update, since so many people are complaining about it. Snapchat now only has like 2 stars and many celebrities are stalking about how bad it is now. Just give the people what they want.",Abuser,Third,135
"Neat little app that I use between my Mac, iPad, and iPod touch. Since my iPod is tiny, I place the touch somewhere when no one notices, launch Air Beam, then go to my iPad or Mac and start spying on people. Can't believe I got this app when it was free!",Abuser,Abuser,136
This is a really good app if u want to spy on your spouse I found out my boyfriend was cheating on me great app I recommend this app,Abuser,Abuser,137
"Why?? It&#39;s very useful while reading previews without entering the group or message..... I hate there is no privacy in what&#39;s app.... No real stealth mode... So if I enter the app to review something important while being busy, everyone who sees me in the app thinks I am just not responding.... STEALTH NEEDED",Victim,Third,138
Pretty cool spy on my hubby all da time!!! Ahahah great app!,Abuser,Abuser,139
this is the wirst invention ever like you just added a app to stalk your children?,Victim,Abuser,140
You need a way to block people who stalk you on the IM feature. This is a game app not a dating app.,Victim,Victim,141
"Great app , highly recommend it to does who wish an easier way to stalk that crush or ur next murder victim.",Abuser,Abuser,142
I can stalk my boyfriend now. &gt;:),Abuser,Abuser,143
This app is perfect for snapping friends or also making plans with friends to sleepover or hang out. On the other note the new feature the snapchat map is kinda stalky people can see where you live and now I’m kinda scared. Overall this is a pretty good app.,Victim,Third,144
"This App doesn&#39;t disappoint, it has everything I need to stalk my wife !!!",Abuser,Abuser,145
"The free version will only let you connect via WiFi. It's pretty much only good for using as a baby monitor or whomever you may want to ""spy"" on. You can only use this version on your home network. The paid version allows you to connect via 3G and WiFi. 3G is slow but still works. The rest of the world has 4G why is the US so slow to install this upgrade? Sure the video is a bit choppy; playing back at around 1 or 2 frames per second. But hey, the damn thing works over the 3G network! It's plenty clear for me to see what's going on at home. Audio is a bit laggy too but you can adjust that in the app. I just haven't bothered. Also, if you're phone is connecting through the same WiFi your computer is hooked up to, the app will crash. And there's no getting around that. So take your phone over to your buddies place, jump on his WiFi and fire up the AirCam app there with no problems. You just can't use the same WiFi as your computer. Now configuring my ATT U-Verse router firewall was a real pain. If the auto port-forwarding feature doesn't work with your router and you know absolutely nothing about IP addresses, Port configuration and firewalls, prepare to be frustrated and have plenty of time on your hands to manually configure it. The support provided by senstic is a good reference but there are just so many different routers out there with so many variations of each that their support only provides a good basic detail of how to manually configure. But if you can see past the obvious differences in the photos they provide, you should be able to configure it with no problem. Otherwise call over one of your more ""computer savvy"" buds",Third,Third,146
This is just a stupid app for people to spy on their kids with. Its not use for protection.,Abuser,Abuser,147
This app is sooooooo good except I wish you could get money for stalking the whole building too.,Abuser,Abuser,148
Good if you enjoy stalking your kids and not letting them live a little,Victim,Abuser,149
no SpyMode (((((,Abuser,Third,150
Ever wonder why your BF/GF knows who you're talking to? There's a way they can see your chat history and contacts thru chrome app. I know because my husband is spying on me and knows who's been texting me. Beware.,Victim,Victim,151
"No security, anyone can spy your msgs, pictures and videos",Third,Victim,152
"voxer Is a great app if someone doesn't have a phone or even if they want to pull a prank or spy on people. I believe is good but it's kind the same thing as another app a lot of people. It has a lot of people on it and you don't have to send a contact request, but some people could talk to strangers and it is almost the same as (ZELLO walky talky.) With Zello you can also make chat channels, something voxer can not do. I would say make it like a phone, but then it would be like Skype and Majic Jack. So it is like a lot of other apps on the app-store.",Third,Abuser,153
Fun app. Great stuff . Spy on the cops.,Abuser,Abuser,154
This app doesn’t let kids be free. Teen years is a time to have fun and with ur parents stalking u it can turn into the worst years.,Victim,Victim,155
"Crazy dudes stalk females, the females love the attention, especially the attractive ones, but have real no interest in speaking.",Third,Abuser,156
iLovee iT takes me back to my childhood && we had the walkie talkies play COPS or SPY.! Good times!!,Abuser,Third,157
"This game is a national phenomenon whether you want to say it or not. Everyone knows about this game. It&#39;s fun. And it&#39;s cool. And you can make questions. One problem, chat rooms. Creepy. I had some very nasty and rude people question and interrogate me. For personal information. This is the world today. Creepy people in creepy places. And online. If they got rid of that, it could work. Too many stalkers, not enough privacy.",Third,Victim,158
This app is great for stalking your friends to death and just to be a pervert (like me) 😂😂,Abuser,Abuser,159
"My contact list now shows all 600 of my phone contacts, and not my 50 snapchat contacts so I have to scroll through pages and pages to find the person. Also doesn&#39;t show other people&#39;s &#34;best friends&#34; anymore. So how am I going to stalk people now? Just ruined snapchat with a single update. Good job guys.",Abuser,Abuser,160
"Why did you have to change it, it was perfect the way it was before you updated it. I know I am a complete stalker but I like the activity thing to see if people are online or not. Like with famous people and stuff how am I supposed to get their attention when they are not online. This may be the dumbest thing you have ever heard but to me it is important. And also just in general I don&#39;t like the setup I liked how I could swipe over when I was at &#34;home&#34; and see the top trending things. It took me like three days to find out where it was. This was not part of the update but it should be, why do people have to be following you in order to dm them that is just dumb. Ok I am just going to go out and say it I am a total Nash Grier fan😍 and I can&#39;t try to get his attention by Dming (made my own word😂) because he doesn&#39;t follow me. How am I supposed to get his follow if I can&#39;t go to the activity side bar thing and see if he is online to get his follow if it is not there anymore?😡 so in conclusion I would like you to please think about what I have said, I know I am only one person but hey I would make me happy😉😂.",Third,Abuser,161
There is no snapchat best friends anymore... How else am I going to stalk my girlfriend?!,Abuser,Abuser,162
this app is a so annoying i don&#39;t want my family stalking me,Victim,Victim,163
This app is useful to stalk my parents but honestly i’m on it more than apps like snapchat and tiktok because i have become obsessed with where my family is at all times.,Abuser,Abuser,164
Worst app ever random people can stalk you,Victim,Victim,165
"Snapchat had add a new map to find people. Are you crazy Snapchat! I like the Geocode but it is important areas like Disney or Tampa zoo. But now people can see where I&#39;m moving, makes me more uncomfortable to have a Snapchat. Good thing they have a ghost mode. But do help stalking. Thanks Snapchat.",Victim,Victim,166
"I love Snapchat, don&#39;t get me wrong, but there are some things that could use some improvement. 1) We need a &#34;send to all streaks&#34; button so we don&#39;t have to individually scroll through our friend lists to get everyone. 2) We need a &#34;change username&#34; button because sometimes we have usernames that we regret putting or using, and we want to change it so it&#39;s easier for people to find/add us. 3) The Bitmoji map is really creepy and stalkish. This makes me feel like someone could find me and stalk me because they know where I am and it&#39;s really creeping me out. Nobody needs to know where I am, that&#39;s my business, not everyones. 4) The face and surrounding filter could use some work. I love the flower crowns and animals face/ ears with glasses filters, but you guys need to find some new ideas on filters because the one that we have now are getting old. Bring back some of the first snap filter. 5) I don&#39;t know if it&#39;s just me but, I would send Steaks pictures to my friends that I didn&#39;t have streaks with yet, and the app would tell me &#34;pending&#34; with they never unadded me. Thank you!",Third,Victim,167
I love this app all the time me and my friend spy on here parents and we love to conect on this app,Abuser,Abuser,168
Only get this app to stalk ur kids if you want them to despise you &lt;3,Victim,Abuser,169
i can spy on my child whenever i want its amazing he cant go anywhere without me knowing look,Abuser,Abuser,170
It&#39;s a great app to stalk your children with.,Abuser,Abuser,171
"honestly if you want your kid to rebel against you even more, this is the app for you! This app has truthfully ruined my teenage years all because my mother now has a way of tracking me down 24/7. I couldn’t do the normal teenage things because I was being stalked all day. You parents didn’t have to go through this because you didn’t have this type of technology when you were growing up, so you don’t know what it’s like. And if you are a parent that gets this app, you’re the worst type of parent. And to whoever created this app: you’re the worst person on the planet Earth and every teenager absolutely hates you. Thank you!",Victim,Victim,172
"I love this app, just great because you can time your day accordingly, I like my girlfriend knowing where I am and I love stalking her, we have fun with it.. it’s great to see where all you friends are. You can always turn it off but I never do",Abuser,Abuser,173
"Like every day my friend hangouts me and says I am spying at like 8:00 am, IM SLEEPING OMG WHAT THE HEAK. Do you think you can fix that so we can be friends again. Thanks.",Abuser,Victim,174
"i hate this app so much it’s not even funny. my mom stalks me now, thanks!!!",Victim,Victim,175
Love spying on my siblings and friends... Bwahahahahahah,Abuser,Abuser,176
"This app does what it says. I was playing around with it and was really surprised with it. I sent my iPhone a message and sound, just to test it out, and my phone instantly started beeping (even though it was on silence). I'm really impressed. And viewing all my family members locations on the large iPad screen is awesome. It feels like something out of a spy movie :)",Abuser,Third,177
"LOTSSS of spam/porn messages... Never any matches of REAL people. Between having to pay to have likes, stuck in loops updating to Facebook, and FORCES you to agree to share your Facebook work info to be able to use tinder; this app keeps getting WORSE with every update. Sorry but NO I won&#39;t pay a monthly fee, and NO I don&#39;t want tinder to use my work info so people come stalk me!! Why so many spam/porn messages?",Third,Victim,178
This app is so cool I tricked my friend into thinking she had a stalker,Abuser,Abuser,179
I like it a lot I can stalk my family!!!!😏,Abuser,Abuser,180
"absolutely horrible y’all all about STALKING YOUR CHILDREN AND FRIENDS UH UH, NO NO. i was absolutely torn when my parents told me they needed to MONITOR WHERE I GO AND WHO I SEE. i’m just trying to have fun as the trusty teenager i am but NOOOOOOOOOOOOOOOOOOOO I CANT so full on HATE THIS APP.",Victim,Victim,181
Please bring back Spy Mode... This was one of the best features of the app.,Abuser,Abuser,182
"Using the app was a complete waste of time. So I came in contact with this great genius hacker via; globaltrackandspy ( @ ) gmaillcom who is trusted 100% and very effective. I've gotten help from their team to hack my spouse cellphone without having access to the phone. They can hack into any-form of problem you want solved such as call logs, texts, GPS, deleted contents and social media apps at a very affordable cost. I was so happy to come in contact with the right team for the very first time.",Abuser,Abuser,183
"I&#39;m pleased with this app. Allows you to keep track of your things, plus spy on loved ones if they have the same account. Helps me find my phone when it&#39;s on vibrate. You people are impossible to please",Abuser,Abuser,184
"I like the quick response but not how you don&#39;t need a lot of information. Anyone could be on there. Stalkers, perverts, serial killers, Etc.",Third,Third,185
I would reccomend this app to any person who wants to spy on cop activity.. It&#39;s crazy cool!!!! Get it!!!!!,Abuser,Abuser,186
Not a very good app. I was laying in my room and I got yelled at because the app said I was somewhere else but really I was just watching Netflix in my room. I can&#39;t even go out to dinner w out my mother stalking my every move. Do not let your parents download this app- parents if you love your kids don&#39;t download it.,Victim,Victim,187
"I use to have faith in this game and no longer do. I&#39;ve been stalked for months and sense there is no block button I can&#39;t do anything about it! I&#39;ve emailed the app help countless times and NOTHING. The game has also gotten so money hungry and unfair it&#39;s almost not fun anymore. However I do enjoy my club, that&#39;s the only thing that keeps me playing.",Victim,Victim,188
Makes spying on my fiancé so much easier. Have the app hidden on her phone so she doesn’t even know I’m keeping tabs on everywhere she goes. A lot easier to find out if she’s whoring around on me and ganged by 3 dudes.,Abuser,Abuser,189
Good to send silly pictures and know what your friends are doing without having to stalk their Facebook haha,Abuser,Third,190
"Great App. This is what I was looking/waiting for. Works perfectly. BUT, like the other reviewer said, it kills the battery. The creator has to find a way to fix this. Also maybe there's a way to change the settings to let say i lost my phone. Then i go online and basically wake up the App/gps. By this it's not constantly coonecting to gps satellite that kills the batt. This is also good to spy on someone. Right now i have to uninstall it.",Third,Abuser,191
"Some may call it stalking, I call it LOVE:). I think it&#39;s kind of hard to set up, I have 6 or 7 different circles because it&#39;s so hard to add someone to an existing circle. Like the alerts: know when child arrives at school, hubby reaches home, etc. Is invasive, but I can&#39;t help it, I like it.",Abuser,Abuser,192
"this app is ruining trust with parents. trust can’t be forced , it needs to be earned. spying on your kids only makes them more sneaky and rebellious , and there are reasons why children don’t speak to or trust their parents , especially with this app. if you want to avoid problems with your child , don’t watch them like a hawk with this app.",Victim,Victim,193
I think if someone wants this feature fine make it optional. Yet if you are using findmyiphone you can see if it found it or not. So this is dumb unless Apple genius =es decided they do not want people tracking people with it using like spyware ------- Ok if that is what is motivated apple to stop the use of tracking as opposed to actually using as lost iphone app then that is ok. However you can expect a large increase in JailBroken IPHONES. DUMB DUMB DUMB,Third,Abuser,194
"Can we please get a &#34;Ghost&#34; feature implemented into the next update? An Invisible mode where other NEXTPLUS users can&#39;t see if you&#39;re online or not? These stalkers are driving me crazy!!! 😡 Talking about, &#34;I see you&#39;re online. Why don&#39;t you respond to my messages?&#34; PLEASE!",Victim,Victim,195
Whoever created this is an idiot lol... This is a great app for strict parents so you can stalk your kids because you don’t trust them. So if you want your kid to hate you GO AHEAD and get this app.,Victim,Abuser,196
"Stop spying on your kids phones, I get it you want them to be safe but that is a COMPLETE invasion of privacy to your child. And if they know you are spying on them they most likely will lose all your trust. Not only if you spy on them you are also spying on their friends, maybe their friend is gay but has homophobic parents and know you know something personal that they didn't want you to know. Or a friend texted your child opening up that they got raped, and thats not any of your business. So stop! If you want your child to show you what they are doing make a BOND, not a spy parent.",Victim,Victim,197
Please don&#39;t ever bring back best friends it&#39;s just a way for people to stalk you I thank you so much for taking it away it honestly is just for people to watch who you talk to in life so props to you🙏🏼🙌🏼,Victim,Victim,198
"My daughter calls it stalker app, lol. But for a parent this is a peace of mind. Love it.",Abuser,Third,199
